school_id,qs_rank_2025,official_name,local_name,country_or_region,campus,official_homepage,verified_domains,target_departments,target_experiment_types,researcher,search_status,last_checked,notes
king-fahd-university-of-petroleum-minerals,101,King Fahd University of Petroleum & Minerals,,Saudi Arabia,,https://www.kfupm.edu.sa,,Chemistry Department Microscopy Laboratory,microscopy_and_cell_manipulation,,scene_built,2026-10-03,CatalogEntry real_lab_kfupm_sem_display; see real_lab/labs/king-fahd-university-of-petroleum-minerals.md
kit-karlsruhe-institute-of-technology,102,"KIT, Karlsruhe Institute of Technology",,Germany,,https://www.kit.edu,,Laboratory for Electron Microscopy (LEM),microscopy_and_cell_manipulation,,scene_built,2026-10-03,CatalogEntry real_lab_kit_karlsruhe_tem_display; see real_lab/labs/kit-karlsruhe-institute-of-technology.md
uppsala-university,103,Uppsala University,,Sweden,,https://www.uu.se,,BioVis imaging core facility,microscopy_and_cell_manipulation,,scene_built,2026-10-03,CatalogEntry real_lab_uppsala_university_multiphoton_display; see real_lab/labs/uppsala-university.md
university-of-st-andrews,104,University of St Andrews,,United Kingdom,,https://www.st-andrews.ac.uk,,"School of Chemistry analytical facilities, Purdie Building",chemistry_and_synthesis,,scene_built,2026-10-03,CatalogEntry real_lab_st_andrews_orbitrap_display; see real_lab/labs/university-of-st-andrews.md
the-university-of-sheffield,105,The University of Sheffield,,United Kingdom,,https://www.sheffield.ac.uk,,"Multiomics Facility, SITraN",molecular_biology_and_genomics,,scene_built,2026-10-03,CatalogEntry real_lab_sheffield_university_chromium_display; see real_lab/labs/the-university-of-sheffield.md
utrecht-university,105,Utrecht University,,Netherlands,,https://www.uu.nl,,Cell Microscopy Core (CMC),microscopy_and_cell_manipulation,,scene_built,2026-10-03,CatalogEntry real_lab_utrecht_university_fibsem_display; see real_lab/labs/utrecht-university.md
tohoku-university,107,Tohoku University,,Japan,,https://www.megabank.tohoku.ac.jp,,ToMMo biobank/genome-medicine facility,molecular_biology_and_genomics,,scene_built,2026-10-03,CatalogEntry real_lab_tohoku_university_mri_display; see real_lab/labs/tohoku-university.md
university-of-nottingham,108,University of Nottingham,,United Kingdom,,https://www.nottingham.ac.uk,,Post-Genomic Technologies Facility,molecular_biology_and_genomics,,scene_built,2026-10-03,CatalogEntry real_lab_nottingham_genomics_display; see real_lab/labs/university-of-nottingham.md
boston-university,108,Boston University,,United States,,https://www.bu.edu,,"Cellular Imaging Core, Evans Biomedical Research Center",microscopy_and_cell_manipulation,,scene_built,2026-10-03,CatalogEntry real_lab_boston_university_widefield_display; see real_lab/labs/boston-university.md
technical-university-of-denmark,109,Technical University of Denmark,,Denmark,,https://www.dtu.dk,,DTU Nanolab,chemistry_and_synthesis,,scene_built,2026-10-03,CatalogEntry real_lab_dtu_nanolab_fibsem_display; see real_lab/labs/technical-university-of-denmark.md
university-of-zurich,109,University of Zurich,,Switzerland,,,,,,,pending,,
politecnico-di-milano,111,Politecnico di Milano,,Italy,,https://www.polimi.it,,BiocatLab,chemistry_and_synthesis,,scene_built,2026-10-03,CatalogEntry real_lab_polimi_flow_reactor_display; see real_lab/labs/politecnico-di-milano.md
aalto-university,113,Aalto University,,Finland,,,,,,,pending,,
georgia-institute-of-technology,114,Georgia Institute of Technology,,United States,,,,,,,pending,,
university-of-waterloo,115,University of Waterloo,,Canada,,https://uwaterloo.ca,,Molecular Biology Core Facility,molecular_biology_and_genomics,,scene_built,2026-10-03,CatalogEntry real_lab_waterloo_university_gel_imager_display; see real_lab/labs/university-of-waterloo.md
university-of-wisconsin-madison,116,University of Wisconsin-Madison,,United States,,https://biotech.wisc.edu,,UW Biotech Center DNA Sequencing Facility,molecular_biology_and_genomics,,scene_built,2026-10-03,CatalogEntry real_lab_wisconsin_madison_novaseq_display; see real_lab/labs/university-of-wisconsin-madison.md
university-of-helsinki,117,University of Helsinki,,Finland,,https://www.helsinki.fi,,DNA Sequencing and Genomics Laboratory (BIDGEN),molecular_biology_and_genomics,,scene_built,2026-10-03,CatalogEntry real_lab_helsinki_university_sequencer_display; see real_lab/labs/university-of-helsinki.md
indian-institute-of-technology-bombay-iitb,118,Indian Institute of Technology Bombay (IITB),,India,,https://www.chem.iitb.ac.in,,Department of Chemistry shared instrumentation (IOE/RIFC/FIST),chemistry_and_synthesis,,scene_built,2026-10-03,CatalogEntry real_lab_iitb_nmr_display; see real_lab/labs/indian-institute-of-technology-bombay-iitb.md
university-of-oslo,119,University of Oslo,,Norway,,https://www.ous-research.no,,Advanced Light Microscopy core facility,microscopy_and_cell_manipulation,,scene_built,2026-10-03,CatalogEntry real_lab_oslo_university_livecell_display; see real_lab/labs/university-of-oslo.md
queen-mary-university-of-london,120,Queen Mary University of London,,United Kingdom,,https://www.qmul.ac.uk,,Barts and the London Genome Centre,molecular_biology_and_genomics,,scene_built,2026-10-03,CatalogEntry real_lab_queen_mary_sequencer_display; see real_lab/labs/queen-mary-university-of-london.md
western-university,120,Western University,,Canada,,https://www.uwo.ca,,Department of Biology / Molecular Genetics Unit,molecular_biology_and_genomics,,scene_built,2026-10-03,CatalogEntry real_lab_western_university_pcr_display; see real_lab/labs/western-university.md
qatar-university,122,Qatar University,,Qatar,,,,,,,pending,,
rmit-university,123,RMIT University,,Australia,,https://www.rmit.edu.au,,RMIT Microscopy and Microanalysis Facility (RMMF),microscopy_and_cell_manipulation,,scene_built,2026-10-03,CatalogEntry real_lab_rmit_university_fibsem_display; see real_lab/labs/rmit-university.md
sungkyunkwan-university-skku,123,Sungkyunkwan University(SKKU),,South Korea,,,,,,,pending,,
university-of-southern-california,125,University of Southern California,,United States,,https://uscnorriscancer.usc.edu,,Molecular Genomics Core (MGC),molecular_biology_and_genomics,,scene_built,2026-10-03,CatalogEntry real_lab_usc_genomics_core_display; see real_lab/labs/university-of-southern-california.md
humboldt-universit-t-zu-berlin,126,Humboldt-Universität zu Berlin,,Germany,,,,,,,pending,,
university-college-dublin,126,University College Dublin,,Ireland,,https://www.ucd.ie,,Conway Genomics Core / Conway Imaging Core,microscopy_and_cell_manipulation,,scene_built,2026-10-03,CatalogEntry real_lab_ucd_conway_cytometer_display; see real_lab/labs/university-college-dublin.md
stockholm-university,128,Stockholm University,,Sweden,,https://www.su.se,,"Spark Plasma Sintering Facility, Arrhenius Laboratory",chemistry_and_synthesis,,scene_built,2026-10-03,CatalogEntry real_lab_stockholm_university_sps_display; see real_lab/labs/stockholm-university.md
newcastle-university,129,Newcastle University,,United Kingdom,,,,,,,pending,,
university-of-california-davis,130,"University of California, Davis",,United States,,,,,,,pending,,
university-of-basel,131,University of Basel,,Switzerland,,https://www.unibas.ch,,"Imaging Core Facility (IMCF), Biozentrum",microscopy_and_cell_manipulation,,scene_built,2026-10-03,CatalogEntry real_lab_basel_university_lmd_display; see real_lab/labs/university-of-basel.md
sapienza-university-of-rome,132,Sapienza University of Rome,,Italy,,,,,,,pending,,
alma-mater-studiorum-university-of-bologna,133,Alma Mater Studiorum - University of Bologna,,Italy,,,,,,,pending,,
macquarie-university,133,Macquarie University,,Australia,,,,,,,pending,,
university-of-science-and-technology-of-china,133,University of Science and Technology of China,,China (Mainland),,,,,,,pending,,
eindhoven-university-of-technology,136,Eindhoven University of Technology,,Netherlands,,https://www.tue.nl,,TU/e Microfab Lab,chemistry_and_synthesis,,scene_built,2026-10-03,CatalogEntry real_lab_eindhoven_microfab_display; see real_lab/labs/eindhoven-university-of-technology.md
university-of-vienna,137,University of Vienna,,Austria,,,,,,,pending,,
universiti-kebangsaan-malaysia-ukm,138,Universiti Kebangsaan Malaysia (UKM),,Malaysia,,,,"Genomics Lab, INBIOSIS",molecular_biology_and_genomics,,scene_built,2026-10-03,CatalogEntry real_lab_ukm_pcr_display; see real_lab/labs/universiti-kebangsaan-malaysia-ukm.md
chalmers-university-of-technology,139,Chalmers University of Technology,,Sweden,,,,,,,pending,,
universidad-de-chile,139,Universidad de Chile,,Chile,,https://www.uchile.cl,,Laboratorio de Biologia Molecular e Ingenieria Genetica,molecular_biology_and_genomics,,scene_built,2026-10-03,CatalogEntry real_lab_chile_university_pcr_display; see real_lab/labs/universidad-de-chile.md
lancaster-university,141,Lancaster University,,United Kingdom,,https://www.lancaster.ac.uk,,Division of Biomedical and Life Sciences / Advanced Light Microscopy Facility,microscopy_and_cell_manipulation,,scene_built,2026-10-03,CatalogEntry real_lab_lancaster_university_confocal_display; see real_lab/labs/lancaster-university.md
leiden-university,141,Leiden University,,Netherlands,,https://www.universiteitleiden.nl,,"NeCEN, Gorlaeus Laboratory",microscopy_and_cell_manipulation,,scene_built,2026-10-03,CatalogEntry real_lab_leiden_university_cryoem_display; see real_lab/labs/leiden-university.md
rice-university,141,Rice University,,United States,,https://www.rice.edu,,Shared Equipment Authority / Rice Nanofabrication Facility,chemistry_and_synthesis,,scene_built,2026-10-03,CatalogEntry real_lab_rice_university_mask_aligner_display; see real_lab/labs/rice-university.md
aarhus-university,144,Aarhus University,,Denmark,,https://www.au.dk,,Department of Biomedicine / Bioimaging Core Facility,microscopy_and_cell_manipulation,,scene_built,2026-10-03,CatalogEntry real_lab_aarhus_university_spinning_disk_display; see real_lab/labs/aarhus-university.md
nanjing-university,145,Nanjing University,,China (Mainland),,,,,,,pending,,
universiti-sains-malaysia-usm,146,Universiti Sains Malaysia (USM),,Malaysia,,https://informm.usm.my,,INFORMM equipment facility,molecular_biology_and_genomics,,scene_built,2026-10-03,CatalogEntry real_lab_usm_pfge_display; see real_lab/labs/universiti-sains-malaysia-usm.md
technische-universit-t-berlin-tu-berlin,147,Technische Universität Berlin (TU Berlin),,Germany,,https://www.tu.berlin,,Chair of Environmental Microbiomics (umbio),microscopy_and_cell_manipulation,,scene_built,2026-10-03,CatalogEntry real_lab_tu_berlin_flow_cytometer_display; see real_lab/labs/technische-universit-t-berlin-tu-berlin.md
universiti-putra-malaysia-upm,148,Universiti Putra Malaysia (UPM),,Malaysia,,,,,,,pending,,
king-abdulaziz-university-kau,149,King Abdulaziz University (KAU),,Saudi Arabia,,,,,,,pending,,
indian-institute-of-technology-delhi-iitd,150,Indian Institute of Technology Delhi (IITD),,India,,,,,,,pending,,
university-of-bath,150,University of Bath,,United Kingdom,,,,,,,pending,,
michigan-state-university,152,Michigan State University,,United States,,https://rtsf.natsci.msu.edu,,RTSF Genomics Core,molecular_biology_and_genomics,,scene_built,2026-10-03,CatalogEntry real_lab_msu_quantstudio_display; see real_lab/labs/michigan-state-university.md
nagoya-university,152,Nagoya University,,Japan,,https://en.nagoya-u.ac.jp,,Institute of Transformative Bio-Molecules (ITbM) / Live Imaging Center,microscopy_and_cell_manipulation,,scene_built,2026-10-03,CatalogEntry real_lab_nagoya_university_palm_display; see real_lab/labs/nagoya-university.md
texas-a-m-university,154,Texas A&M University,,United States,,,,,,,pending,,
university-of-geneva,155,University of Geneva,,Switzerland,,https://www.unige.ch,,Faculty of Medicine / Bioimaging Core Facility,microscopy_and_cell_manipulation,,scene_built,2026-10-03,CatalogEntry real_lab_geneva_university_slide_scanner_display; see real_lab/labs/university-of-geneva.md
university-of-north-carolina-chapel-hill,155,"University of North Carolina, Chapel Hill",,United States,,https://www.unc.edu,,Department of Biology / Biology Microscopy Core,microscopy_and_cell_manipulation,,scene_built,2026-10-03,CatalogEntry real_lab_unc_lightsheet_display; see real_lab/labs/university-of-north-carolina-chapel-hill.md
wageningen-university-research,155,Wageningen University & Research,,Netherlands,,,,,,,pending,,
erasmus-university-rotterdam,158,Erasmus University Rotterdam,,Netherlands,,https://www.erasmusmc.nl,,"Erasmus Center for Biomics, Dept. of Molecular Genetics",molecular_biology_and_genomics,,scene_built,2026-10-03,CatalogEntry real_lab_erasmus_rotterdam_biomics_display; see real_lab/labs/erasmus-university-rotterdam.md
universit-de-montr-al,159,Université de Montréal,,Canada,,,,,,,pending,,
university-of-groningen,159,University of Groningen,,Netherlands,,https://www.rug.nl,,Groningen Biomolecular Sciences and Biotechnology Institute (GBB),microscopy_and_cell_manipulation,,scene_built,2026-10-03,CatalogEntry real_lab_groningen_university_cell_sorter_display; see real_lab/labs/university-of-groningen.md
university-of-bern,161,University of Bern,,Switzerland,,https://www.mic.unibe.ch,,Microscopy Imaging Center (MIC),microscopy_and_cell_manipulation,,scene_built,2026-10-03,CatalogEntry real_lab_bern_university_lsm_display; see real_lab/labs/university-of-bern.md
hanyang-university,162,Hanyang University,,South Korea,,,,,,,pending,,
al-farabi-kazakh-national-university,163,Al-Farabi Kazakh National University,,Kazakhstan,,,,,,,pending,,
complutense-university-of-madrid,164,Complutense University of Madrid,,Spain,,,,,,,pending,,
universitat-de-barcelona,165,Universitat de Barcelona,,Spain,,,,,,,pending,,
university-of-liverpool,165,University of Liverpool,,United Kingdom,,,,,,,pending,,
kyushu-university,167,Kyushu University,,Japan,,https://www.scc.kyushu-u.ac.jp,,Laboratory of Spectrochemistry (Onda Laboratory),chemistry_and_synthesis,,scene_built,2026-10-03,CatalogEntry real_lab_kyushu_university_laser_display; see real_lab/labs/kyushu-university.md
university-of-wollongong,167,University of Wollongong,,Australia,,,,,,,pending,,
ghent-university,169,Ghent University,,Belgium,,,,,,,pending,,
the-university-of-exeter,169,The University of Exeter,,United Kingdom,,https://biosciences.exeter.ac.uk,,"Bioimaging Centre, Biosciences Facilities",microscopy_and_cell_manipulation,,scene_built,2026-10-03,CatalogEntry real_lab_exeter_university_em_display; see real_lab/labs/the-university-of-exeter.md
university-of-cape-town,171,University of Cape Town,,South Africa,,https://idm.uct.ac.za,,Institute of Infectious Disease and Molecular Medicine (IDM),microscopy_and_cell_manipulation,,scene_built,2026-10-03,CatalogEntry real_lab_cape_town_bsc_display; see real_lab/labs/university-of-cape-town.md
university-of-reading,172,University of Reading,,United Kingdom,,,,,,,pending,,
hokkaido-university,173,Hokkaido University,,Japan,,,,,,,pending,,
curtin-university,174,Curtin University,,Australia,,https://www.curtin.edu.au,,John de Laeter Centre,other_characterization,,scene_built,2026-10-03,CatalogEntry real_lab_curtin_university_sem_display; see real_lab/labs/curtin-university.md
universitat-aut-noma-de-barcelona,175,Universitat Autònoma de Barcelona,,Spain,,,,,,,pending,,
mcmaster-university,176,McMaster University,,Canada,,https://www.mcmaster.ca,,McMaster Genomics Facility,molecular_biology_and_genomics,,scene_built,2026-10-03,CatalogEntry real_lab_mcmaster_university_sequencer_display; see real_lab/labs/mcmaster-university.md
washington-university-in-st-louis,176,Washington University in St. Louis,,United States,,https://www.wustl.edu,,Molecular Microbiology Imaging Facility,microscopy_and_cell_manipulation,,scene_built,2026-10-03,CatalogEntry real_lab_wustl_histology_display; see real_lab/labs/washington-university-in-st-louis.md
university-of-california-santa-barbara-ucsb,178,"University of California, Santa Barbara (UCSB)",,United States,,,,,,,pending,,
the-university-of-newcastle-australia-uon,179,"The University of Newcastle, Australia (UON)",,Australia,,,,,,,pending,,
universidad-de-los-andes,179,Universidad de los Andes,,Colombia,,,,,,,pending,,
universiti-teknologi-malaysia,181,Universiti Teknologi Malaysia,,Malaysia,,,,,,,pending,,
waseda-university,181,Waseda University,,Japan,,,,,,,pending,,
hamad-bin-khalifa-university,183,Hamad Bin Khalifa University,,Qatar,,,,,,,pending,,
university-of-york,184,University of York,,United Kingdom,,,,,,,pending,,
tecnol-gico-de-monterrey,185,Tecnológico de Monterrey,,Mexico,,,,,,,pending,,
cardiff-university,186,Cardiff University,,United Kingdom,,,,,,,pending,,
cole-normale-sup-rieure-de-lyon,187,École Normale Supérieure de Lyon,,France,,,,,,,pending,,
keio-university,188,Keio University,,Japan,,,,,,,pending,,
university-of-ottawa,189,University of Ottawa,,Canada,,,,,,,pending,,
technische-universit-t-wien,190,Technische Universität Wien,,Austria,,,,,,,pending,,
universit-t-hamburg,191,Universität Hamburg,,Germany,,,,,,,pending,,
tongji-university,192,Tongji University,,China (Mainland),,,,,,,pending,,
queen-s-university-at-kingston,193,Queen's University at Kingston,,Canada,,https://www.queensu.ca,,"Department of Chemistry shared analytical facilities, Chernoff Hall",chemistry_and_synthesis,,scene_built,2026-10-03,CatalogEntry real_lab_queens_kingston_maldi_display; see real_lab/labs/queen-s-university-at-kingston.md
wuhan-university,194,Wuhan University,,China (Mainland),,https://bio.whu.edu.cn,,"Shared Instrument Platform, College of Life Sciences",molecular_biology_and_genomics,,scene_built,2026-10-03,CatalogEntry real_lab_wuhan_university_platereader_display; see real_lab/labs/wuhan-university.md
university-of-gothenburg,194,University of Gothenburg,,Sweden,,https://www.gu.se,,Centre for Cellular Imaging (CCI),microscopy_and_cell_manipulation,,scene_built,2026-10-03,CatalogEntry real_lab_gothenburg_university_maldi_display; see real_lab/labs/university-of-gothenburg.md
emory-university,196,Emory University,,United States,,https://www.emory.edu,,Emory Integrated Genomics Core,molecular_biology_and_genomics,,scene_built,2026-10-03,CatalogEntry real_lab_emory_university_sequencer_display; see real_lab/labs/emory-university.md
deakin-university,197,Deakin University,,Australia,,https://www.deakin.edu.au,,Materials Science Labs,chemistry_and_synthesis,,scene_built,2026-10-03,CatalogEntry real_lab_deakin_university_sem_display; see real_lab/labs/deakin-university.md
universidad-aut-noma-de-madrid,198,Universidad Autónoma de Madrid,,Spain,,,,,,,pending,,
university-of-calgary,198,University of Calgary,,Canada,,https://cumming.ucalgary.ca,,Microscopy and Imaging Facility (Charbonneau),microscopy_and_cell_manipulation,,scene_built,2026-10-03,CatalogEntry real_lab_calgary_university_afm_display; see real_lab/labs/university-of-calgary.md
arizona-state-university,200,Arizona State University,,United States,,https://cores.research.asu.edu,,Desert Southwest Genomics Center (DSGC),molecular_biology_and_genomics,,scene_built,2026-10-03,CatalogEntry real_lab_asu_liquid_handler_display; see real_lab/labs/arizona-state-university.md
king-saud-university,200,King Saud University,,Saudi Arabia,,,,,,,pending,,
khalifa-university-of-science-and-technology,202,Khalifa University of Science and Technology,,United Arab Emirates,,https://www.ku.ac.ae,,Research Labs Department / Electron Microscopy Facility,microscopy_and_cell_manipulation,,scene_built,2026-10-03,CatalogEntry real_lab_khalifa_university_tem_display; see real_lab/labs/khalifa-university-of-science-and-technology.md
universit-catholique-de-louvain-uclouvain,203,Université catholique de Louvain (UCLouvain),,Belgium,,,,,,,pending,,
university-of-minnesota-twin-cities,203,University of Minnesota Twin Cities,,United States,,,,,,,pending,,
ecole-des-ponts-paristech,205,Ecole des Ponts ParisTech,,France,,,,,,,pending,,
queen-s-university-belfast,206,Queen's University Belfast,,United Kingdom,,,,,,,pending,,
universitas-indonesia,206,Universitas Indonesia,,Indonesia,,,,,,,pending,,
the-ohio-state-university,208,The Ohio State University,,United States,,,,,,,pending,,
tel-aviv-university,209,Tel Aviv University,,Israel,,,,,,,pending,,
national-tsing-hua-university,210,National Tsing Hua University,,Taiwan,,,,,,,pending,,
indian-institute-of-science,211,Indian Institute of Science,,India,,,,,,,pending,,
albert-ludwigs-universitaet-freiburg,212,Albert-Ludwigs-Universitaet Freiburg,,Germany,,,,,,,pending,,
queensland-university-of-technology-qut,213,Queensland University of Technology (QUT),,Australia,,,,,,,pending,,
university-of-otago,214,University of Otago,,New Zealand,,,,,,,pending,,
national-cheng-kung-university-ncku,215,National Cheng Kung University (NCKU),,Taiwan,,,,,,,pending,,
university-of-florida,215,University of Florida,,United States,,,,,,,pending,,
la-trobe-university,217,La Trobe University,,Australia,,,,,,,pending,,
university-of-maryland-college-park,218,"University of Maryland, College Park",,United States,,,,,,,pending,,
national-yang-ming-chiao-tung-university,219,National Yang Ming Chiao Tung University,,Taiwan,,,,,,,pending,,
universidad-nacional-de-colombia,219,Universidad Nacional de Colombia,,Colombia,,,,,,,pending,,
vrije-universiteit-amsterdam,221,Vrije Universiteit Amsterdam,,Netherlands,,,,,,,pending,,
eberhard-karls-universit-t-t-bingen,222,Eberhard Karls Universität Tübingen,,Germany,,https://uni-tuebingen.de,,Tubingen Structural Microscopy (TSM) Core Facility,microscopy_and_cell_manipulation,,scene_built,2026-10-03,CatalogEntry real_lab_tubingen_university_em_display; see real_lab/labs/eberhard-karls-universit-t-t-bingen.md
indian-institute-of-technology-kharagpur-iit-kgp,222,Indian Institute of Technology Kharagpur (IIT-KGP),,India,,https://crf.iitkgp.ac.in,,Central Research Facility (CRF),microscopy_and_cell_manipulation,,scene_built,2026-10-03,CatalogEntry real_lab_iitkgp_fesem_display; see real_lab/labs/indian-institute-of-technology-kharagpur-iit-kgp.md
friedrich-alexander-universit-t-erlangen-n-rnberg,224,Friedrich-Alexander-Universität Erlangen-Nürnberg,,Germany,,https://www.cenem.fau.de,,"CENEM, Center for Nanoanalysis and Electron Microscopy",microscopy_and_cell_manipulation,,scene_built,2026-10-03,CatalogEntry real_lab_fau_erlangen_cenem_display; see real_lab/labs/friedrich-alexander-universit-t-erlangen-n-rnberg.md
loughborough-university,224,Loughborough University,,United Kingdom,,https://www.lboro.ac.uk,,Department of Chemistry / WPL.2.09 Synthesis Laboratory,chemistry_and_synthesis,,scene_built,2026-10-03,CatalogEntry real_lab_loughborough_university_nmr_display; see real_lab/labs/loughborough-university.md
university-of-lausanne,224,University of Lausanne,,Switzerland,,,,,,,pending,,
indian-institute-of-technology-madras-iitm,227,Indian Institute of Technology Madras (IITM),,India,,https://bioincubator.iitm.ac.in,,IITM Bioincubator,molecular_biology_and_genomics,,scene_built,2026-10-03,CatalogEntry real_lab_iitm_bioincubator_fermenter_display; see real_lab/labs/indian-institute-of-technology-madras-iitm.md
rheinische-friedrich-wilhelms-universit-t-bonn,227,Rheinische Friedrich-Wilhelms-Universität Bonn,,Germany,,https://www.limes-institut-bonn.de,,LIMES Technical Platforms,microscopy_and_cell_manipulation,,scene_built,2026-10-03,CatalogEntry real_lab_bonn_limes_sted_display; see real_lab/labs/rheinische-friedrich-wilhelms-universit-t-bonn.md
chulalongkorn-university,229,Chulalongkorn University,,Thailand,,https://www.chemtech.sc.chula.ac.th,,Energetic Materials Research Laboratory,chemistry_and_synthesis,,scene_built,2026-10-03,CatalogEntry real_lab_chulalongkorn_potentiostat_display; see real_lab/labs/chulalongkorn-university.md
maastricht-university,230,Maastricht University,,Netherlands,,,,,,,pending,,
universite-libre-de-bruxelles,230,Universite libre de Bruxelles,,Belgium,,https://www.iribhm.be,,"Light Microscopy Facility (LiMiF), IRIBHM",microscopy_and_cell_manipulation,,scene_built,2026-10-03,CatalogEntry real_lab_ulb_limif_display; see real_lab/labs/universite-libre-de-bruxelles.md
universidade-estadual-de-campinas-unicamp,232,Universidade Estadual de Campinas (Unicamp),,Brazil,,https://www.unicamp.br,,Institute of Chemistry / LIMicro-IQ,microscopy_and_cell_manipulation,,scene_built,2026-10-03,CatalogEntry real_lab_unicamp_afm_display; see real_lab/labs/universidade-estadual-de-campinas-unicamp.md
university-of-twente,233,University of Twente,,Netherlands,,https://www.utwente.nl,,MESA+ Institute for Nanotechnology / NanoLab,chemistry_and_synthesis,,scene_built,2026-10-03,CatalogEntry real_lab_twente_university_sputter_display; see real_lab/labs/university-of-twente.md
technische-universit-t-dresden,234,Technische Universität Dresden,,Germany,,,,,,,pending,,
university-of-waikato,235,University of Waikato,,New Zealand,,,,,,,pending,,
universit-di-padova,236,Università di Padova,,Italy,,https://www.unipd.it,,DiBio Imaging Facility,microscopy_and_cell_manipulation,,scene_built,2026-10-03,CatalogEntry real_lab_padova_university_tem_display; see real_lab/labs/universit-di-padova.md
university-of-aberdeen,236,University of Aberdeen,,United Kingdom,,https://www.abdn.ac.uk,,Microscopy and Histology Core Facility,microscopy_and_cell_manipulation,,scene_built,2026-10-03,CatalogEntry real_lab_aberdeen_university_celldiscoverer_display; see real_lab/labs/university-of-aberdeen.md
university-of-rochester,236,University of Rochester,,United States,,https://www.rochester.edu,,"Rochester Genomics Center, Wilmot Cancer Institute",molecular_biology_and_genomics,,scene_built,2026-10-03,CatalogEntry real_lab_rochester_university_sonicator_display; see real_lab/labs/university-of-rochester.md
gadjah-mada-university,239,Gadjah Mada University,,Indonesia,,https://biologi.ugm.ac.id,,Integrated Genome Factory (IGF),molecular_biology_and_genomics,,scene_built,2026-10-03,CatalogEntry real_lab_gadjah_mada_promethion_display; see real_lab/labs/gadjah-mada-university.md
massey-university,239,Massey University,,New Zealand,,https://www.massey.ac.nz,,Massey Genome Service,molecular_biology_and_genomics,,scene_built,2026-10-03,CatalogEntry real_lab_massey_university_abi_display; see real_lab/labs/massey-university.md
politecnico-di-torino,241,Politecnico di Torino,,Italy,,https://www.disat.polito.it,,"Chemical Synthesis Laboratory, Technological Centre Alessandria",chemistry_and_synthesis,,scene_built,2026-10-03,CatalogEntry real_lab_polito_ultrasonic_display; see real_lab/labs/politecnico-di-torino.md
technical-university-of-darmstadt,241,Technical University of Darmstadt,,Germany,,https://www.mawi.tu-darmstadt.de,,Advanced Electron Microscopy (AEM) Division,microscopy_and_cell_manipulation,,scene_built,2026-10-03,CatalogEntry real_lab_darmstadt_aem_stem_display; see real_lab/labs/technical-university-of-darmstadt.md
dartmouth-college,243,Dartmouth College,,United States,,https://sites.dartmouth.edu,,Life Sciences Light Microscopy Facility,microscopy_and_cell_manipulation,,scene_built,2026-10-03,CatalogEntry real_lab_dartmouth_college_dragonfly_display; see real_lab/labs/dartmouth-college.md
victoria-university-of-wellington,244,Victoria University of Wellington,,New Zealand,,https://www.wgtn.ac.nz,,Victoria University Coastal Ecology Lab (VUCEL),other,,scene_built,2026-10-03,CatalogEntry real_lab_wellington_university_vucel_display; see real_lab/labs/victoria-university-of-wellington.md
university-of-macau,245,University of Macau,,Macau SAR,,,,,,,pending,,
charles-university,246,Charles University,,Czech Republic,,,,,,,pending,,
university-of-sussex,246,University of Sussex,,United Kingdom,,https://www.sussex.ac.uk,,Wolfson Centre for Biological Imaging (GDSC),microscopy_and_cell_manipulation,,scene_built,2026-10-03,CatalogEntry real_lab_sussex_university_scanr_display; see real_lab/labs/university-of-sussex.md
vanderbilt-university,248,Vanderbilt University,,United States,,https://medschool.vanderbilt.edu,,Cell Imaging Shared Resource (CISR),microscopy_and_cell_manipulation,,scene_built,2026-10-03,CatalogEntry real_lab_vanderbilt_university_esem_display; see real_lab/labs/vanderbilt-university.md
university-of-navarra,249,University of Navarra,,Spain,,,,,,,pending,,
american-university-of-beirut-aub,250,American University of Beirut (AUB),,Lebanon,,https://www.aub.edu.lb,,"Genomic Profiling Program, Molecular Diagnostics Laboratory",molecular_biology_and_genomics,,scene_built,2026-10-03,CatalogEntry real_lab_aub_ngs_sequencer_display; see real_lab/labs/american-university-of-beirut-aub.md
